Card_ID	Ssn	Bname	Address	Phone
000001	850-47-3740	Mark Morgan	5677 Coolidge Street	4699041438
000002	256-95-4382	Eric Warren	9062 Schurz Drive	2147018127
000003	256-51-5268	Robert Harper	7786 Sachs Place	2148755911
000004	976-95-2914	Donna Franklin	3 Magdeline Terrace	2148006127
000005	906-63-3588	Linda King	41260 Kedzie Terrace	4692132549
000006	206-26-7141	Judy Holmes	6583 Manitowish Hill	9728985909
000007	898-61-3567	Deborah Lawrence	2 Hermina Trail	9729002951
000008	644-25-0492	Adam Johnston	05671 Norway Maple Court	4697430176
000009	678-12-4697	Pamela Carr	1848 Fordem Avenue	9722479852
000010	562-33-7951	Daniel Fisher	400 Cody Lane	2148917743
000011	441-90-7753	Stephen Fields	99 Fair Oaks Drive	2148013069
000012	305-53-3736	Walter Ferguson	814 Sutteridge Point	4699458172
000013	634-61-6311	Paul Cook	58295 Pierstorff Pass	4699320168
000014	661-24-6360	Roy Smith	563 Fairview Park	2149114724
000015	350-83-8412	Michelle Gardner	28309 Paget Court	4699742681
000016	439-75-5475	George Powell	31 Clove Crossing	9728857291
000017	431-61-5822	Nicholas Hudson	29 Esker Trail	4696984000
000018	879-82-7179	Linda Henderson	117 Katie Center	4699970832
000019	484-96-1826	Gregory Fowler	42454 Hermina Plaza	2149368301
000020	562-52-7080	Carol Sanders	99600 Moland Way	2147621061
000021	876-61-5170	Mark Hamilton	76425 Dixon Hill	9728027903
000022	139-71-1123	Anthony Brown	8691 Walton Terrace	9729473376
000023	239-16-6210	James Rivera	4 Golden Leaf Trail	2147618129
000024	283-06-7717	Tammy Cole	22 Atwood Parkway	4692921882
000025	371-60-9878	Donald Bowman	196 Golf View Terrace	2149566083
000026	438-78-7652	Susan Gomez	601 Warbler Point	9728771341
000027	893-37-1519	Juan Martin	846 Johnson Circle	2148285694
000028	434-92-5388	Samuel Bailey	1367 Northport Drive	9729722250
000029	444-50-9807	Paul White	24775 Melvin Place	4694594087
000030	557-41-0386	Gregory Clark	259 Porter Avenue	9729795771
000031	123-99-1439	Steven Wood	852 Darwin Alley	2149842801
000032	507-26-2481	Jessica Fuller	975 Carpenter Parkway	9729565055
000033	258-33-5117	Donna Greene	86 Delladonna Lane	4699696535
000034	876-94-4518	Edward Ford	34 Fulton Circle	2148691555
000035	153-20-8011	Steve Torres	781 Loeprich Alley	4699647789
000036	881-79-3670	Alice Rivera	79 Dayton Center	2148413416
000037	878-61-5560	Jessica Freeman	27997 Loftsgordon Lane	2148354205
000038	728-84-4113	Kenneth Harrison	25074 Holmberg Park	9727741504
000039	792-17-4540	Betty Austin	4 Schmedeman Terrace	9729277561
000040	433-05-3698	Irene Gonzalez	820 Oxford Crossing	2148655203
000041	132-21-3747	Charles Foster	850 Summerview Crossing	4699106688
000042	457-93-9804	Gregory Perez	57 Bluejay Pass	9724338549
000043	906-16-1095	Jose Stone	93 Waywood Parkway	9729918017
000044	882-36-6316	Patrick Moore	78 Crest Line Road	2149502446
000045	728-96-3473	Louis Lynch	12197 Kinsman Center	4698204208
000046	377-44-1238	Matthew Snyder	169 Mayfield Park	4698555018
000047	582-62-7069	Sara Wagner	24827 Twin Pines Junction	4699145869
000048	577-82-2947	Louise Long	6 Haas Center	2149390517
000049	216-53-6968	Judy Hamilton	65364 Mosinee Center	9728472849
000050	202-40-3427	Evelyn Young	4788 South Street	2148649776
000051	897-56-8517	James Moore	9089 Lunder Parkway	4698304056
000052	923-84-7867	Clarence Romero	68501 Michigan Street	9729821803
000053	539-63-0143	Jennifer Smith	3 Cordelia Terrace	4699635598
000054	636-25-1591	Jack Baker	01441 Eastlawn Place	9729091277
000055	622-93-5915	Amy Nguyen	79 Rigney Circle	2149052261
000056	823-00-8890	Maria Stevens	5348 David Point	9729925831
000057	534-07-7079	Teresa Carpenter	6280 Spenser Lane	9729082593
000058	203-68-8563	Roy Arnold	7548 Dunning Junction	2149909053
000059	457-75-1314	Randy Stewart	5004 Emmet Park	4694222991
000060	524-73-0400	Brenda Fernandez	335 Forster Alley	2149206944
000061	344-66-8375	Janet Thompson	1 Chinook Place	9729868081
000062	716-55-3314	Billy Ortiz	4 Hintze Court	4698081346
000063	869-29-5873	Edward Hawkins	96231 Northland Plaza	9727983752
000064	218-81-6261	Mark Morgan	5 Miller Lane	4697846546
000065	913-50-1956	Carolyn Morgan	975 Golf View Place	4696748726
000066	749-40-8693	Tina Weaver	5414 Green Ridge Street	4698400879
000067	992-92-6136	Eric Taylor	6 Fisk Pass	2147147652
000068	378-07-1662	Ruth Henry	84 Hermina Street	9729342054
000069	388-44-9990	Phillip Perkins	84771 Bartelt Trail	2149174226
000070	288-23-0361	Annie Welch	80 Stuart Road	9725161320
000071	509-44-1761	Lois Hunter	49 Blaine Lane	9728091141
000072	704-79-5907	Lisa Cook	4412 Lakewood Gardens Plaza	9726539871
000073	948-30-8402	Kathleen Harvey	13 Grayhawk Hill	4695477753
000074	651-57-6305	Diane Stevens	0091 American Circle	4699421364
000075	908-63-2676	Samuel Young	0157 Holmberg Street	4699185729
000076	727-25-3782	Mark Riley	4900 Thompson Court	9727672036
000077	775-32-5935	Bonnie Ross	0 Walton Court	9727666908
000078	402-35-0549	Elizabeth Arnold	952 Sage Pass	2149672424
000079	270-86-6950	John Walker	2 Packers Crossing	4697965094
000080	982-11-9636	William Simmons	1232 Hayes Crossing	9729037706
000081	757-38-5276	Lisa Kelley	3718 Twin Pines Way	9729000487
000082	980-24-2372	Carl Larson	096 Goodland Parkway	4695502228
000083	444-73-4007	Brandon Anderson	8 Leroy Circle	4699939270
000084	278-33-4174	Gloria Myers	03 Elmside Center	4698533967
000085	772-25-9640	Daniel Freeman	9584 Elka Place	9727699270
000086	232-98-4647	Judith Mitchell	2506 Merchant Terrace	9729029669
000087	937-38-5159	Alan King	958 Burrows Street	2145835636
000088	327-80-3166	Steve Phillips	45557 Jana Court	9729379620
000089	405-92-7423	Brenda Butler	5 Calypso Avenue	9728926177
000090	133-37-8900	Patricia Spencer	65143 Union Lane	2149099264
000091	227-64-6193	Larry Olson	50299 Lien Parkway	9729657073
000092	272-41-6460	Victor Sullivan	272 Milwaukee Point	9727594852
000093	318-95-0284	Kathryn Taylor	2952 Thackeray Point	2148620958
000094	729-22-8562	Rachel Little	755 Kropf Pass	9727977226
000095	783-54-9793	Donald Richardson	951 Chive Avenue	9729346450
000096	131-52-5777	Stephen Chapman	0 Lunder Alley	2149871376
000097	335-18-5473	Harold Richardson	76743 Burrows Court	4698991924
000098	933-15-2171	Ernest Palmer	6 Upham Drive	9729422638
000099	595-38-3883	Pamela Matthews	2 Green Lane	2149440666
000100	808-44-7643	Jason Campbell	6 Raven Court	9728114885
000101	924-16-0243	Joyce Fuller	45900 Iowa Way	4699063524
000102	348-53-9608	Andrea Bailey	33 Cardinal Alley	9728465566
000103	379-16-0722	Denise Perry	68 Old Shore Lane	2149913418
000104	997-92-4787	Michael Jacobs	0 Brentwood Place	4699249727
000105	664-95-5489	Catherine Reid	41544 Anniversary Crossing	2149488236
000106	424-12-2851	Aaron Romero	844 Union Way	9725355154
000107	295-19-3279	John Warren	9127 Farragut Center	4699235725
000108	806-92-2733	Steve Garrett	729 Kenwood Court	2147031311
000109	466-92-6624	Jimmy Ellis	8 Nevada Place	9727428738
000110	454-64-8101	Jose Perez	4463 Commercial Circle	4698523133
000111	909-18-6864	Katherine Dean	4978 Cordelia Way	9728867232
000112	203-54-9198	Ashley Jackson	676 David Road	4699760450
000113	177-45-8737	Kathryn Hart	29 Dexter Circle	9729003590
000114	279-96-6074	Dennis Ruiz	18784 Browning Circle	9729741505
000115	561-91-3511	Sharon Cox	4 Hoffman Street	2149150820
000116	325-12-4236	Ruby Burke	5 Swallow Avenue	9729288965
000117	537-25-0563	Jerry Stewart	54494 Kenwood Trail	4698175662
000118	508-36-5238	Howard Fisher	2 Reinke Lane	9723256683
000119	663-89-7131	Eric Phillips	578 Westend Pass	9728930831
000120	582-89-0521	Albert Cruz	04 Shopko Way	9724714420
000121	112-24-4907	Timothy Harrison	04099 Anhalt Place	2148497879
000122	593-24-8597	Ronald Phillips	4632 Brentwood Hill	4699454638
000123	152-06-9743	Antonio Bishop	212 Memorial Lane	4698358047
000124	917-73-0651	Howard Green	9 Florence Trail	2148758195
000125	550-66-4068	Willie Murphy	09 Loeprich Parkway	2149545495
000126	151-32-0622	Christine Washington	95086 Eliot Alley	4698445383
000127	363-52-9311	Angela Ellis	61 Chinook Avenue	4699127557
000128	498-97-9543	Kathy Wagner	1 Columbus Crossing	2149582980
000129	109-59-3700	Antonio Carr	6996 Arizona Avenue	4697240803
000130	919-11-7074	Samuel Ellis	69968 Meadow Ridge Alley	4699578249
000131	532-19-3189	Bruce Williamson	51 Maywood Place	2149696651
000132	186-61-2257	Ruby Mcdonald	031 Ohio Lane	2149705621
000133	758-82-0981	Jack Larson	43086 Dexter Way	4699136292
000134	789-85-0156	Tammy Hunter	08 Marquette Pass	2149190495
000135	144-61-2857	Mildred Richards	6863 Warbler Crossing	4696367310
000136	812-34-4775	Janet Dixon	1 Ridgeway Terrace	9723819665
000137	605-13-5959	Antonio Hamilton	2545 Lerdahl Center	2148866681
000138	873-83-1740	Louise Jordan	7326 Reindahl Point	9725189421
000139	992-25-4077	Linda Hunt	710 Lighthouse Bay Point	9727547045
000140	222-46-0064	Joan Webb	90 Bashford Avenue	4699550632
000141	135-71-1523	Kevin Frazier	47 Bluejay Hill	9729653683
000142	490-88-8407	Todd Schmidt	4 Lakeland Pass	2149036828
000143	797-95-4607	Andrea Sims	898 Killdeer Pass	4699880761
000144	959-24-3477	Barbara Brooks	305 Mendota Plaza	4699588251
000145	600-79-0040	Kenneth Anderson	246 Shopko Drive	9729985406
000146	704-59-6830	Jessica Knight	36 Forest Park	4699610488
000147	542-87-9344	Dorothy Adams	2483 Melody Plaza	9728818472
000148	634-80-8812	Phillip Adams	4 Derek Point	9729180335
000149	599-72-6050	James Carpenter	6668 Ilene Court	2148208276
000150	751-57-0699	Amy Lopez	715 Westend Avenue	4698301019
000151	570-71-9526	Frank Gomez	61280 Mallory Parkway	2149622973
000152	585-65-8864	Debra Rogers	4 Southridge Place	4697537894
000153	784-42-3645	Aaron Chapman	840 Messerschmidt Plaza	9727533651
000154	327-00-2811	Jerry Cruz	48314 Muir Crossing	2149738302
000155	209-64-5805	Gerald Mccoy	71113 Corry Circle	4697583820
000156	352-52-5321	Matthew Ward	3726 Oneill Terrace	9726682488
000157	312-33-6562	Marilyn Andrews	61664 Warrior Street	9728314215
000158	585-35-8539	Lawrence Coleman	0 Scoville Plaza	4699873187
000159	766-72-6736	Sarah Burton	65230 Prairie Rose Point	9727360106
000160	519-22-1664	Gerald White	82 Delaware Plaza	2147745757
000161	811-23-2706	Shawn Robertson	9 Troy Alley	2149439366
000162	983-17-1073	Samuel Arnold	1748 Monterey Road	4697415231
000163	153-09-5087	Ruby Mcdonald	00621 Killdeer Crossing	4699415043
000164	208-16-2580	Lillian Kim	47585 Nova Drive	2147402312
000165	604-54-4201	Pamela Bradley	2 Lakewood Gardens Place	4698713326
000166	764-51-2571	Ralph Chavez	15739 Vera Plaza	2145985319
000167	102-72-1991	Martin Richards	8 New Castle Trail	4699760263
000168	743-82-1324	Chris Simmons	46833 Farmco Junction	4698100333
000169	915-27-6165	Martin Stevens	573 Oneill Hill	4695702393
000170	615-68-8488	Lisa West	55586 Ronald Regan Lane	9729984345
000171	538-66-1965	Daniel Marshall	3 Manitowish Crossing	4697304725
000172	981-95-3778	John Hicks	81 Northfield Place	9727271591
000173	802-73-6786	Roger Harrison	9 Meadow Vale Drive	4699415954
000174	777-08-7277	Teresa Thompson	06364 Gerald Street	9726701547
000175	445-90-2407	Arthur Freeman	51652 Russell Street	4699944509
000176	909-02-3006	Howard Simpson	95 Redwing Lane	9729100392
000177	790-10-1835	Christopher Spencer	6 Northfield Crossing	2148219650
000178	847-64-1856	Theresa Wood	0420 Westport Circle	4699941901
000179	930-97-8594	Lillian Wright	82972 Raven Road	9729605502
000180	823-59-4050	Sara Rogers	7 Twin Pines Circle	2149845323
000181	831-37-2302	Linda Richards	046 Harper Center	2149982489
000182	139-70-8042	Albert Cunningham	414 Summer Ridge Trail	9727163924
000183	611-16-9228	Debra Holmes	22 Bluejay Road	9729548773
000184	248-33-5177	Jason Davis	82931 Cardinal Junction	2149699787
000185	399-38-8513	Justin Fowler	1958 Leroy Way	9729152410
000186	515-58-4650	Catherine Harris	4091 Doe Crossing Alley	4699687984
000187	911-94-6409	Gary Reyes	06 Shelley Parkway	9729852014
000188	952-37-2293	Clarence Harvey	637 Blackbird Crossing	9727358046
000189	866-26-3470	Kathleen Lynch	0 Northview Center	4698589821
000190	696-87-1283	Angela Myers	07 Jenifer Point	2149963258
000191	525-30-0056	Paula Roberts	2025 Annamark Court	2149191512
000192	455-25-1300	Marie Hudson	35523 Fulton Point	9729550047
000193	300-83-3012	Victor George	16 Butterfield Place	4699820024
000194	568-53-7223	Judith Lane	59463 Havey Center	4699621701
000195	219-13-1583	Steven Carpenter	64 Rutledge Court	9727592760
000196	628-41-9882	Beverly Welch	0 7th Point	2147582027
000197	553-83-0248	Chris Cox	386 Coleman Avenue	2149021149
000198	664-42-3811	Heather Duncan	3 Acker Avenue	9729062444
000199	932-05-2280	Helen Cooper	90887 Ohio Trail	2147239307
000200	359-15-6568	Linda Dixon	0506 Boyd Plaza	2149400096
000201	377-03-6374	Eric Wood	730 Bonner Hill	9729597132
000202	956-77-5994	Brenda Brooks	4 Pennsylvania Hill	9729605440
000203	262-72-9956	Fred Crawford	00 Mariners Cove Terrace	9729781543
000204	935-26-1044	Alan Morris	2238 Debra Center	4697013591
000205	575-57-3479	Jimmy Watkins	91873 Colorado Crossing	4699333579
000206	534-35-2839	Keith Fisher	2 Muir Crossing	9729991883
000207	487-48-3434	Rose Oliver	3152 Thackeray Point	2149719384
000208	282-19-5051	Johnny Vasquez	809 Grover Circle	9728435554
000209	198-52-6239	Judith Dunn	337 Northview Point	9729991156
000210	165-45-3343	Roger Freeman	13 Farmco Way	4698549842
000211	983-87-0005	Richard Bailey	3108 Browning Park	2147180392
000212	387-20-1613	Ernest Palmer	66600 Pleasure Drive	2142381120
000213	440-22-0860	Janice Long	26577 Laurel Road	2149720889
000214	589-60-2564	Thomas Schmidt	0 New Castle Crossing	4697459014
000215	564-07-7138	Kathryn Hayes	18504 Basil Hill	4698317793
000216	106-58-8800	Chris Perkins	14865 John Wall Center	9729573368
000217	664-12-8122	Thomas Scott	449 Schurz Parkway	4699145396
000218	394-69-4479	Judy Richards	9420 Main Hill	4698718324
000219	977-89-1063	Janice Garrett	2998 Chive Place	2148096943
000220	720-12-0662	Raymond Peterson	892 Fairfield Point	4699475199
000221	344-03-8015	Marilyn Williams	0 John Wall Circle	2149928183
000222	166-80-9145	Teresa Reid	9224 Manufacturers Terrace	9724576436
000223	628-54-4529	Irene Medina	51 Southridge Pass	9729943852
000224	763-92-5219	Linda Carpenter	43 Dovetail Road	9728668440
000225	468-30-6717	Jonathan Harrison	113 Havey Crossing	4699002769
000226	716-63-5871	Laura Graham	72346 Emmet Place	4698924249
000227	462-64-8746	Sharon Pierce	9 Clove Trail	9729305410
000228	890-27-4530	Katherine Boyd	90 Park Meadow Junction	2146525153
000229	875-97-7822	Brian Perkins	5988 Havey Street	9729732502
000230	867-84-8327	Eric Cooper	7 Granby Road	9729702642
000231	907-94-1254	Randy Stanley	94552 Linden Court	9728158835
000232	319-59-2633	Pamela Gutierrez	50236 Goodland Lane	9729682569
000233	145-92-8000	Keith Perkins	9543 Farragut Road	2148040599
000234	361-70-3782	Scott Spencer	5 Lukken Junction	2147014621
000235	992-96-4866	Todd Bryant	418 Onsgard Hill	2149807359
000236	916-54-8159	Jose Anderson	2705 Ohio Junction	2145302752
000237	133-83-4824	Amanda Davis	1636 Norway Maple Place	4699135733
000238	712-12-8661	Richard Cruz	69 Marquette Park	4699027741
000239	325-77-2883	Sara Walker	18924 3rd Circle	9729327544
000240	974-70-9717	Gloria Sanders	36961 Green Ridge Place	2149373306
000241	584-04-3187	Jonathan Harris	286 Merry Way	4698734473
000242	152-31-3951	Juan Fields	291 Marquette Parkway	9729167303
000243	950-88-3244	Wanda Mills	79024 Surrey Way	4699206298
000244	315-12-0643	Karen Davis	83 Holy Cross Drive	9728905755
000245	328-21-2988	Scott Montgomery	96247 Oriole Circle	9729295312
000246	752-03-8294	Michael Stevens	356 Shoshone Drive	4698035017
000247	223-10-5941	Andrea Baker	90 Heath Drive	4699301109
000248	383-36-2902	Marilyn Alexander	443 Dottie Circle	9724062617
000249	556-96-7003	Harry Alvarez	636 Express Way	2149545716
000250	760-25-1865	Rose Peterson	034 Shelley Drive	9728614171
000251	196-06-0978	Barbara Garcia	5690 Acker Road	4695178843
000252	140-56-2974	Ann Berry	37940 Morning Hill	9729187984
000253	493-92-4232	Paul Turner	75287 Pleasure Place	9727826768
000254	353-18-9662	Theresa Day	9 American Ash Crossing	9729094722
000255	926-42-8995	Andrew Gilbert	8 American Parkway	9728342804
000256	741-11-7814	Alice Turner	4 Namekagon Lane	2146606741
000257	700-23-8477	Julie Smith	61345 Namekagon Place	4698612346
000258	390-30-8158	Alice Carr	7564 Ohio Plaza	2145491687
000259	941-05-7192	Harry Baker	7 Straubel Center	4695905412
000260	949-37-6371	Donna Cooper	1629 Summer Ridge Plaza	4699573027
000261	947-04-7262	Laura Rogers	7776 Summer Ridge Court	9727307675
000262	443-61-5562	Jessica Hicks	17138 Ryan Circle	4698156162
000263	428-09-7397	George Turner	4 Quincy Pass	2149582175
000264	354-53-8826	Joan Watkins	9601 Lerdahl Pass	2148149170
000265	757-21-3141	Andrea Gonzalez	127 Russell Hill	9728095959
000266	924-17-9942	Billy Little	46 Autumn Leaf Junction	9729866001
000267	778-68-6617	Teresa Marshall	2 Sheridan Trail	4698842394
000268	431-20-0144	Benjamin Lynch	53 Tennyson Park	4698779851
000269	851-35-0300	Nancy Dixon	4 Dwight Street	9727703641
000270	583-40-6101	Jean Dunn	4 North Street	4699956149
000271	125-98-5061	Anthony Gardner	9823 Donald Terrace	9724323180
000272	750-84-1386	Benjamin Morrison	21 Oriole Terrace	2144096322
000273	319-09-3742	Anne Dixon	9579 Browning Crossing	9729076080
000274	585-90-0674	Denise Wallace	6021 Portage Park	9729404355
000275	416-38-3510	Linda Owens	13 Monterey Alley	2148363577
000276	614-68-5656	Larry Warren	2657 Mitchell Hill	9729387212
000277	984-48-8111	Edward Hunt	6 Claremont Avenue	9727631900
000278	446-20-4077	Harry Mcdonald	22283 Farragut Place	2148733156
000279	154-67-1759	Lawrence Wells	841 Delaware Place	2149767034
000280	218-70-1729	Martin Fuller	53309 Buhler Place	4696673361
000281	685-99-2971	Roger Ellis	74213 Charing Cross Circle	9729767863
000282	551-99-0871	Patrick Moreno	490 Rockefeller Lane	9729555269
000283	156-64-6797	Andrew Cole	30 Sunfield Pass	2148797342
000284	704-85-7803	Joan Hudson	4 Everett Court	2149541417
000285	491-79-6292	Chris Powell	4 Jenifer Circle	4697267925
000286	164-90-8064	Anna Perez	1241 Graceland Court	4699962325
000287	857-94-0950	Debra Gray	251 Monterey Hill	4699734499
000288	581-46-2753	Annie Shaw	561 Cody Crossing	2147641587
000289	300-46-8310	Shawn Martinez	19 Lunder Park	4699864161
000290	691-97-1438	Mary Graham	701 Cordelia Court	2146870840
000291	239-90-4011	Janet West	2308 Division Center	2149780541
000292	702-60-4201	Aaron Arnold	5886 Banding Trail	2149555863
000293	253-17-0796	Justin Brown	611 Green Plaza	2149016023
000294	547-06-9057	George Torres	64206 Calypso Hill	9729254199
000295	722-28-9325	Brian Romero	4418 Green Ridge Terrace	4698259159
000296	488-01-1020	Lawrence Morris	42 Magdeline Pass	2149422979
000297	947-93-9771	Patrick Garcia	1 Nevada Parkway	4698276118
000298	708-32-6866	Ashley Moreno	067 Morning Park	4698696226
000299	421-79-0842	Aaron Ellis	1925 Grasskamp Alley	4699379272
000300	554-28-3296	Jimmy James	3 Knutson Way	9729308175
000301	271-28-4504	Maria Torres	56168 Arizona Drive	2149318328
000302	453-78-4845	Chris Owens	6 Browning Park	9727014889
000303	556-27-9759	Elizabeth Harvey	1995 Nelson Park	9729929375
000304	212-61-9406	Jane Baker	0062 Sunbrook Junction	4697546653
000305	142-06-8429	Lisa Kelley	272 Larry Drive	4699306637
000306	205-62-6313	Jonathan Diaz	18283 Brown Center	4699402479
000307	592-93-9926	Mildred Allen	5734 La Follette Point	4699462268
000308	714-97-1208	Linda Rogers	0590 Northport Drive	9729471564
000309	949-18-1878	Gary Garrett	5285 2nd Court	4699392476
000310	454-36-5067	Earl Hall	7755 Park Meadow Way	2148820672
000311	586-20-4125	Benjamin Bailey	72101 Elmside Parkway	2148963364
000312	853-10-4620	Angela Graham	5 High Crossing Crossing	9728781468
000313	132-68-7899	Dennis Hunter	7 2nd Place	4699678745
000314	618-21-2736	Matthew Stevens	9603 Hansons Way	4698613808
000315	852-75-0048	Annie Freeman	7466 Gulseth Alley	9729210146
000316	652-37-4979	Richard Lawson	792 Dottie Circle	2145459387
000317	953-35-3551	Susan Allen	6 Morrow Alley	2147480451
000318	269-55-4900	Rose Coleman	26094 Loomis Alley	4698192212
000319	398-57-5624	Kathy Elliott	28 Boyd Pass	4699960439
000320	769-13-6801	Teresa Brooks	57699 Oak Circle	9727314160
000321	781-65-2211	Julie Lane	8261 Magdeline Road	2149308339
000322	880-14-5596	Jessica Day	80 Cascade Junction	2149471788
000323	472-47-3959	Billy Cruz	75 Mosinee Court	2147975929
000324	628-10-4874	Martha Mccoy	74 Claremont Park	2149151572
000325	799-41-8699	Frances Long	0 Schlimgen Alley	2149514800
000326	826-57-4791	Carolyn Duncan	1 Merry Place	2142798556
000327	497-33-4483	Ryan Mendoza	9 Myrtle Way	2148671887
000328	733-61-4241	Jerry Oliver	0 Vera Alley	4697348276
000329	669-72-6189	Juan Smith	3 Dixon Parkway	2149099366
000330	867-23-4679	Marilyn White	769 Mayfield Center	9729330968
000331	410-60-8961	Anne Moreno	60 Raven Pass	2148860662
000332	381-83-9299	Ruby Greene	328 Fallview Center	2148727995
000333	186-53-8147	Shawn Rivera	8 American Hill	9725282505
000334	100-08-2010	Tina Hamilton	24695 Di Loreto Crossing	9727556424
000335	166-29-5051	Benjamin Graham	08 New Castle Avenue	2149834311
000336	869-23-6916	Doris Bailey	5773 Eastlawn Center	4698011479
000337	242-20-9101	Jason Washington	3225 Vera Lane	9729310247
000338	456-04-0469	Evelyn Wilson	9873 Kim Center	4699015209
000339	812-93-7575	Steve Cunningham	5615 Mcbride Park	2148833172
000340	696-31-4035	Henry Howard	9 Lakewood Avenue	2148486192
000341	399-88-0576	Timothy Crawford	39384 Tony Terrace	9727292932
000342	342-52-5404	Todd Rose	8 Mosinee Plaza	4698932893
000343	699-25-9472	Mary Nelson	8 Colorado Avenue	2142414452
000344	188-14-3830	Jason Watkins	74155 Welch Terrace	9729151343
000345	562-73-5031	Kathy Cole	8600 Anniversary Pass	2149937915
000346	633-54-2851	Albert Reyes	43 Transport Pass	4698084965
000347	256-93-5132	Aaron Harvey	1807 Prairieview Pass	2146329282
000348	973-81-6951	Jack Ward	5 Susan Plaza	9729184342
000349	324-71-1906	Dorothy Spencer	90651 Bellgrove Junction	9728928862
000350	227-59-5562	Lawrence Hunt	2 Randy Court	9729624743
000351	931-62-4904	Beverly Fernandez	480 Toban Lane	4699753330
000352	625-57-7457	Karen Johnston	3 Coleman Plaza	2147681518
000353	285-70-4379	Howard Gonzalez	7699 Dakota Terrace	2149056019
000354	490-16-4375	Dorothy Graham	9 Mcguire Alley	4696194224
000355	246-40-5583	Barbara Anderson	77 Ronald Regan Park	2149471531
000356	697-56-6815	Frances Willis	61438 Becker Park	4699005979
000357	878-94-1305	Martha Arnold	52279 Hauk Plaza	4699686237
000358	721-32-2687	Maria Medina	6 Gina Crossing	2148513813
000359	842-65-5010	Jonathan Fox	32 Springs Road	9729165884
000360	657-17-6421	Carlos Carter	96207 3rd Park	2149287624
000361	422-81-7045	Adam Ferguson	0 Summerview Court	2149575621
000362	644-09-0337	Nicholas Wheeler	756 Pleasure Circle	4699733255
000363	903-98-1679	Raymond Rogers	16 Monument Parkway	4698879227
000364	847-29-3619	Brandon Stevens	94647 Village Junction	2146936689
000365	822-62-5312	Lori Ferguson	49 Sachtjen Crossing	2149681515
000366	629-41-9551	Roy Turner	61544 Talmadge Drive	4699275678
000367	235-79-8503	Martha Warren	94 Vahlen Hill	9727763863
000368	265-90-7820	Ruby Anderson	0482 Haas Terrace	4698732923
000369	694-92-0573	Steven Bailey	8987 Lawn Park	4699388249
000370	143-30-2355	Melissa Perkins	0039 Hanson Court	9729953027
000371	344-69-2006	Ruby Ross	86591 Roxbury Circle	2149171080
000372	566-64-7874	Billy King	831 Sutherland Point	2148466560
000373	163-65-8067	Mildred Sanchez	09 Annamark Circle	4698772424
000374	588-45-9557	Linda Duncan	09159 Charing Cross Way	9728773172
000375	142-74-6194	Janice Montgomery	661 Grasskamp Alley	2149058688
000376	694-58-3169	Robin Cox	0 Gerald Court	9727221586
000377	513-11-0091	Carol Howell	273 Sullivan Lane	2148311374
000378	432-49-7884	Doris Welch	74 Oakridge Alley	4699836603
000379	204-46-7713	Debra Kelly	0 Maywood Street	4699262312
000380	597-00-1738	Scott Morales	823 Sherman Point	4698011210
000381	221-70-6594	Louise Murphy	7113 Carpenter Drive	4699881773
000382	300-48-5255	Jack Cruz	55322 Linden Point	4698960110
000383	823-59-7520	Teresa Carter	4757 Kingsford Street	2149641732
000384	526-53-0309	Eric Flores	0 Vera Center	2148682141
000385	996-22-6511	Louis Elliott	02 Jenna Trail	9725674117
000386	688-12-7828	Nicholas Evans	13 Russell Lane	2149753027
000387	389-89-9874	Evelyn Bailey	77832 West Park	9729789540
000388	614-07-9273	Arthur Ray	3079 Donald Point	4697542762
000389	189-81-8299	Shawn Burns	51 Nelson Plaza	4699788065
000390	874-30-0223	Henry Wallace	4139 Spaight Road	9725248949
000391	841-42-8500	Kathy Garcia	3657 Anhalt Trail	4698678069
000392	933-68-6811	Kenneth Sanchez	06600 Utah Crossing	9728100694
000393	124-81-1894	Carl Bishop	01 Goodland Junction	4697923214
000394	255-45-0108	Harry Tucker	8 Waubesa Parkway	2149254392
000395	694-43-1375	Christopher Marshall	34693 Warbler Junction	2146463142
000396	405-10-9736	Russell Murphy	9552 Mandrake Center	2148433552
000397	752-91-8139	Jessica Carr	9 Sutteridge Pass	4699499851
000398	324-70-7021	Cheryl Moore	0 2nd Plaza	9722720101
000399	903-05-2325	Lori Carroll	879 Clarendon Alley	4699892206
000400	323-48-3150	Frank Martin	428 Lindbergh Way	9728021808
000401	748-29-7839	Joyce Allen	5911 Troy Pass	4699357570
000402	203-92-3954	Philip Gonzalez	2 Buhler Street	2149412219
000403	483-93-2540	Nicole Bell	69 Manitowish Lane	2149017334
000404	235-14-1141	Joseph Perry	45 Judy Trail	2149382436
000405	138-49-9901	Doris Peterson	56 Oxford Avenue	2149562812
000406	311-51-3288	Gregory Marshall	17 Eastwood Terrace	2148240301
000407	359-35-2008	Virginia Kelly	37408 Morrow Court	9728399825
000408	608-20-9205	Beverly Hawkins	0 Hovde Terrace	4698141846
000409	539-33-7584	Scott Gonzalez	623 Westend Way	4699286396
000410	407-50-8210	Paul Mcdonald	334 Orin Avenue	9729941541
000411	158-21-4344	Dennis Duncan	05 Mitchell Hill	4699067817
000412	146-55-7699	Mary Ryan	24029 Nevada Way	4698276766
000413	870-93-1419	Victor Smith	0 Helena Point	2148283216
000414	752-50-3597	Ruby Murray	4920 Westend Court	2148596221
000415	894-84-4831	Jean Garza	91 Havey Plaza	9727389037
000416	327-53-6005	Andrew Jordan	38498 Park Meadow Crossing	4697621505
000417	868-79-0477	Harry Marshall	24 Heffernan Crossing	9729270592
000418	409-03-9079	Wayne Franklin	35 Continental Alley	2147419000
000419	653-59-9039	Lillian Gonzalez	9922 Arkansas Circle	9728729248
000420	718-47-6143	Rachel Bishop	70227 Vernon Way	9727982559
000421	841-96-3890	Alan Lynch	332 Dayton Plaza	2149308850
000422	931-94-4929	Carlos Ray	62 Monument Park	4699427494
000423	720-85-0355	Frank Taylor	5 Lien Center	2146215602
000424	836-23-8686	Melissa Burton	5 Springs Lane	4695670603
000425	999-28-2020	Anne Nelson	34365 Kropf Park	9729041974
000426	919-67-6865	Amanda Bailey	29 Continental Point	2148194931
000427	362-09-9834	Chris Duncan	35 Alpine Avenue	2149402965
000428	762-37-8033	Elizabeth Gibson	6602 Namekagon Way	9728637573
000429	424-50-1775	Keith Brown	471 Burning Wood Park	2148494296
000430	221-74-2881	Karen Sanchez	71 Old Gate Point	2149156512
000431	467-35-1217	Marilyn Meyer	3981 Lerdahl Point	9729565459
000432	142-41-8822	Harold Little	81271 Evergreen Lane	4698888096
000433	626-74-9990	Henry Dean	4913 Brentwood Center	4699502072
000434	468-99-7446	Joyce Rivera	3 Johnson Pass	4699823317
000435	560-85-1499	Marie Johnson	6 Graedel Street	9727014623
000436	650-87-6068	Aaron Clark	5169 Bashford Point	2149314554
000437	262-55-8913	Anne Campbell	0140 Grover Place	2149621673
000438	691-11-1485	Janice Garrett	439 Prentice Hill	9729111842
000439	772-97-8655	Bobby Johnson	7 Moulton Crossing	4699485326
000440	807-93-7008	Fred Welch	0 Lukken Alley	2149553447
000441	464-18-8734	Laura Chapman	304 Lunder Hill	4698235855
000442	307-70-2725	Albert Castillo	2 Beilfuss Center	2147050297
000443	528-91-7558	Julia Oliver	42421 Farmco Street	9727805174
000444	408-53-0520	David Russell	57840 Laurel Alley	9728527339
000445	520-76-6004	Russell Montgomery	18 Hagan Pass	9723896002
000446	660-90-8261	Joe Price	1 Leroy Park	2145279098
000447	799-34-0025	Anthony Harrison	7123 Bunker Hill Junction	9729702532
000448	870-49-6647	Gregory Hudson	42 Park Meadow Park	9728839738
000449	707-63-8293	Michelle Chapman	29 Rieder Pass	9729117317
000450	469-39-1386	Chris Bailey	8 South Court	2149354761
000451	553-57-0780	Kevin Wood	0 Pierstorff Park	4698761298
000452	316-43-6159	Louise Spencer	4462 Blaine Avenue	2148775122
000453	455-51-2609	Ruth Lee	58 Waubesa Avenue	4699402041
000454	995-34-9938	Carolyn Alexander	634 Judy Pass	2148829567
000455	149-26-9323	Barbara Rivera	93 North Pass	9726967148
000456	889-46-9650	Adam Mcdonald	20734 Beilfuss Park	9728467469
000457	242-32-1789	Sara Graham	4992 Ridgeview Court	4695862569
000458	900-93-1217	Henry Spencer	919 7th Plaza	2149493097
000459	669-83-7441	Lillian Austin	8 Eagle Crest Way	4699802648
000460	989-79-1559	Jerry Pierce	16 Charing Cross Center	4695463297
000461	336-44-7837	Emily Ruiz	1 Claremont Junction	2149615149
000462	928-58-0480	Lillian Baker	111 Village Plaza	4696437532
000463	186-05-2080	Ruth Butler	41052 Waubesa Lane	9727605201
000464	922-11-3673	Catherine Welch	666 Kim Crossing	9728952567
000465	209-54-9222	Howard Castillo	4069 Oneill Point	2143328692
000466	352-50-9918	Justin Sanders	2 Mayer Junction	2148837551
000467	651-14-8311	Ronald Roberts	25 South Lane	9727031253
000468	724-31-5669	Jane Harrison	8070 Clarendon Parkway	4699070689
000469	506-88-8490	Benjamin Grant	89750 Kenwood Crossing	4699782012
000470	581-20-4224	Harry Miller	721 High Crossing Court	2148679998
000471	878-06-0469	Matthew Burke	735 Toban Park	9729153614
000472	246-12-3136	Christine Chavez	560 Atwood Pass	2149376446
000473	938-95-9106	Eric Hernandez	80149 Haas Court	2149051189
000474	734-24-8047	Diana Jones	499 Pearson Junction	4698384299
000475	829-11-9179	Janet Rice	35291 Bunker Hill Way	2142913432
000476	744-91-0994	Diane Ruiz	36 Cambridge Park	4698885191
000477	981-13-1196	Theresa Russell	589 Northwestern Park	2148511236
000478	770-00-5747	Wayne Hunt	9818 Westend Center	4699414660
000479	842-92-7572	Virginia Gordon	76 Tony Road	2149138462
000480	737-53-3435	Gloria Rice	9 Golf View Alley	2149209672
000481	451-56-2506	Mildred Butler	67 Westerfield Avenue	4692834838
000482	368-38-1777	Debra West	4799 Melody Parkway	9729666826
000483	199-36-9132	Nancy Wheeler	737 Doe Crossing Trail	9728983947
000484	931-76-2866	Lawrence Stone	8 Darwin Alley	2149499916
000485	371-28-8168	Rachel Reyes	6 Anniversary Alley	9729396714
000486	435-69-4707	Amanda Simpson	15 Dixon Street	9727401910
000487	235-32-3985	Lori Carroll	213 Forest Point	4699588957
000488	148-55-6625	Bobby Austin	62352 Pankratz Road	9729127272
000489	253-35-6885	Brenda Carpenter	6664 Prairie Rose Point	2149861471
000490	817-44-1979	Sharon Mason	33 Moulton Lane	9729011745
000491	639-31-4924	Joshua Ross	4376 Kropf Road	2149154707
000492	926-53-1333	Melissa Mccoy	08770 Moland Lane	4699264571
000493	728-54-9849	Bobby Kelly	79 Burning Wood Pass	2148601350
000494	846-65-0817	Jennifer Ortiz	25989 Mccormick Drive	4698747030
000495	810-70-4323	Chris Carter	50486 Grim Alley	4699161204
000496	919-26-6378	Christopher Gonzales	49163 Moose Point	2149596901
000497	966-29-4430	Albert Gibson	90 Lillian Trail	4699517990
000498	435-99-9670	Doris Rose	1891 Melrose Terrace	9728494915
000499	416-21-6778	Marilyn Jordan	61 Eagle Crest Junction	2147963512
000500	306-68-0158	Joe Bowman	26225 8th Road	9728828221
000501	840-12-3188	Denise Price	46 Knutson Drive	9724889450
000502	332-41-0512	Evelyn Edwards	7867 Nancy Park	9722091095
000503	196-02-7403	Kimberly Hernandez	2 Buell Drive	4697796890
000504	388-55-1450	Norma Boyd	35 Service Court	9728337491
000505	395-16-7095	Sharon Ramos	39 Daystar Hill	2148987050
000506	541-25-5056	Rachel Riley	01017 Jay Plaza	9728038359
000507	132-58-8039	Randy Jenkins	794 Buena Vista Road	4698949345
000508	774-38-4043	John Clark	0708 North Terrace	4699181359
000509	495-55-0985	Ruby Hansen	8756 Wayridge Drive	4699414442
000510	739-90-9261	Ashley Peters	28880 4th Alley	9728934339
000511	377-63-8268	Albert Garcia	0 Maple Terrace	9729317094
000512	150-30-2288	Clarence Holmes	291 1st Terrace	2149526641
000513	849-92-8312	Julie Parker	3377 Dahle Street	2148769952
000514	953-43-1417	Michael Martinez	0967 Melrose Avenue	2149358776
000515	337-86-8085	William Berry	9 Hagan Street	2148851966
000516	465-95-8833	Gerald Burke	5175 Florence Center	4699997380
000517	960-83-9340	Linda Rodriguez	2427 Reindahl Park	9726645725
000518	709-91-1641	Terry Stephens	27291 Farragut Court	9728900078
000519	423-06-4282	Timothy Hunt	4219 Westport Hill	2149501960
000520	622-29-9732	Richard Cruz	813 Darwin Avenue	9728892210
000521	631-12-8701	Gregory Gomez	3993 American Circle	9728678273
000522	699-59-0681	Louise Garza	14760 Bobwhite Terrace	4698937918
000523	762-63-8070	James Adams	055 Alpine Way	9729254501
000524	149-42-1309	Victor Gardner	12141 Corscot Junction	9729622925
000525	531-67-5941	Ernest Lane	66226 Nova Way	4699996823
000526	156-63-1943	Joe Griffin	205 Fuller Plaza	4699124055
000527	664-38-4205	Sean Kelly	3 Gerald Court	2149709971
000528	662-87-7945	Angela Turner	53 Colorado Pass	4699452673
000529	678-62-8472	Jerry Howard	68198 Monterey Parkway	9729363734
000530	216-37-2770	Ashley Lopez	405 Hovde Way	9729564194
000531	302-51-0303	Albert Marshall	933 Claremont Avenue	9727718796
000532	194-03-3629	Michelle Williams	07 Marquette Road	4699217056
000533	303-31-8810	Sharon Wells	23 Twin Pines Parkway	9728415472
000534	785-25-4186	Doris Gordon	358 Pearson Court	4699451043
000535	395-22-8160	Patricia Long	76 Jana Place	4697112650
000536	374-21-6461	Helen Lee	65137 Summerview Crossing	4696568757
000537	746-77-1077	Kimberly Collins	9629 Delaware Crossing	4697893606
000538	376-27-2540	Mary Dunn	6848 Sunbrook Parkway	2149612821
000539	756-45-3967	Amy Harper	5863 Boyd Drive	2149883185
000540	873-25-3246	Bobby Long	35 Paget Circle	2149101295
000541	447-50-8678	Sara Young	71916 Sherman Point	9729182624
000542	303-61-3106	Kathy Oliver	0 Victoria Junction	9727848364
000543	693-54-6232	Ruby Ray	17 Hermina Point	2149871219
000544	107-16-4727	Lori Schmidt	181 Rowland Hill	4697866455
000545	160-60-2907	Raymond Fox	1 Farwell Avenue	2149860132
000546	192-57-3114	Nancy Turner	1 Vermont Alley	2149844444
000547	214-13-7727	Gregory Richards	9 Vidon Street	2149115776
000548	480-37-2448	Lawrence Perez	6441 Derek Junction	9729327049
000549	279-03-2319	Thomas Pierce	73803 Prairieview Alley	2148377005
000550	860-31-5301	Steve Larson	6 Nobel Trail	4698188073
000551	375-32-0893	Aaron Coleman	62 Golden Leaf Crossing	9729657245
000552	335-17-5061	Joe Daniels	916 Marcy Way	9728527588
000553	273-16-3483	Theresa Porter	8868 Blaine Pass	2148412263
000554	690-78-4766	Kathleen Crawford	44 Elmside Place	2144662521
000555	371-48-9808	Joe Bradley	90362 Kipling Plaza	2149349993
000556	957-05-0987	Paul Jacobs	512 Tennessee Place	2148428747
000557	229-10-8054	Andrew Reid	7654 Moland Terrace	9726104548
000558	714-89-8210	Ralph George	072 Merchant Trail	9729176796
000559	401-33-5380	Jeremy Brown	2 Old Shore Park	4699823476
000560	953-58-5532	Nicholas Kennedy	2067 Jana Parkway	2149516843
000561	818-63-4715	Ronald Wells	37 Prairieview Parkway	4696723875
000562	984-16-0277	Albert Gilbert	7169 Scoville Avenue	9725997668
000563	762-90-9837	Jason Turner	208 Summit Park	9729197729
000564	229-26-6155	Arthur Spencer	624 Kropf Terrace	4697904776
000565	673-35-9377	Bonnie Ray	20935 Vahlen Pass	4696900504
000566	414-82-6319	Carol Ryan	43 Sloan Avenue	4699593742
000567	832-18-4025	Kevin Little	244 Tony Center	2148656806
000568	562-28-1756	Todd Hall	3896 Corscot Circle	2146237406
000569	243-20-4627	Ralph Hart	16083 Lillian Crossing	4699161028
000570	152-91-1428	Ruby Martin	6 Merry Trail	4697811733
000571	200-92-4036	Julia Kim	30 Corscot Terrace	9728268872
000572	869-20-2424	Lawrence Reyes	70001 Lunder Pass	4699527199
000573	766-56-6664	Ronald Rivera	0 Fuller Trail	4699776988
000574	966-33-9584	Kenneth Medina	652 Melody Avenue	4698152235
000575	761-70-9256	Angela Clark	916 Elka Place	9727269437
000576	191-21-0161	Diane Brown	4221 Petterle Junction	9726337951
000577	597-21-1875	Jack Ward	00625 Warner Street	9728024440
000578	175-99-0098	Roger Powell	48387 Corben Junction	2148036520
000579	541-56-2611	Rachel Cook	214 Eastwood Hill	2148623951
000580	454-07-8145	Karen Burke	09242 Victoria Plaza	4698977697
000581	947-35-1972	Kimberly Robinson	26233 Oneill Junction	2148102174
000582	679-65-6095	Samuel Bryant	95 Pearson Pass	9725096994
000583	522-26-5924	Russell Berry	27 Moose Plaza	2149697916
000584	624-87-7517	Paula Frazier	713 Havey Court	4697047407
000585	502-80-0344	Anna Rice	9 Lunder Center	4699601948
000586	385-99-4195	Diane Stanley	96 Roth Hill	2149558100
000587	678-08-8971	Billy Snyder	8170 Clarendon Crossing	9728838736
000588	850-26-9485	Juan Bailey	6 Logan Crossing	9729549785
000589	119-17-4689	Patricia Green	27001 Mayfield Street	9728801670
000590	640-57-8903	Louise Harrison	4383 Forest Dale Hill	9725916825
000591	915-81-5067	Scott Cunningham	1312 Kinsman Terrace	4699408227
000592	287-08-2149	Steve White	57 Vera Lane	9725733704
000593	915-62-6265	Brandon Jones	8845 Blackbird Terrace	2149828588
000594	622-62-2819	Rebecca Reed	012 Sunbrook Place	4698001493
000595	330-90-1862	Kelly Hawkins	517 Bay Crossing	9728392019
000596	159-37-4167	Kenneth Hudson	16 Porter Trail	9729777399
000597	332-96-2350	Tammy Butler	0897 Amoth Hill	2149348616
000598	179-13-6812	Steven Lane	0185 Hollow Ridge Street	2149930045
000599	640-94-5337	Jean West	5487 Tomscot Place	2148144521
000600	381-83-4152	Keith Mason	1 Norway Maple Park	4692377698
000601	480-06-1832	Jose Morales	36703 Pennsylvania Center	2149368952
000602	360-26-2573	Johnny Harris	816 Ramsey Pass	2148008878
000603	271-80-3746	Harold Romero	864 Clove Plaza	9729587058
000604	161-60-2246	Jose Phillips	726 Farwell Road	4699227795
000605	968-21-3159	Tina Nguyen	7814 Fairview Avenue	2148582813
000606	994-00-7169	Michelle Hill	70 Jana Plaza	2148054933
000607	164-07-0343	Henry Powell	1 Arapahoe Plaza	4698619090
000608	491-05-7221	Donna Nelson	4 Homewood Alley	4697009754
000609	511-95-4134	Louis Perry	1655 Heffernan Pass	2148203573
000610	196-78-4374	Paul Lee	41406 Ridge Oak Parkway	9728106175
000611	112-60-2094	Diana King	65113 Saint Paul Court	9727489174
000612	376-03-6774	Evelyn Campbell	68 Mifflin Court	2147434130
000613	277-81-5111	Louis Howard	0 Lyons Park	9729413029
000614	658-05-1653	Irene Robinson	04 Fairfield Parkway	4699436537
000615	155-87-2365	Alice Armstrong	7068 Derek Alley	2149116490
000616	665-02-8900	Eugene Woods	56245 Graceland Way	9728328839
000617	670-32-5349	Louis Taylor	09508 Thackeray Center	2149320979
000618	416-31-2379	Deborah Owens	12322 Hayes Center	2149711946
000619	346-41-4220	Marilyn Collins	305 1st Crossing	9729274971
000620	475-06-7256	Virginia Gonzalez	03722 Huxley Point	2148643430
000621	701-28-5911	Helen Ryan	51 Kennedy Parkway	2149880720
000622	646-84-1183	John Myers	4 Mendota Junction	2144370969
000623	748-14-1656	Mary Collins	261 Almo Alley	4699875918
000624	802-79-0419	Raymond Carter	71 Eastwood Way	9728910800
000625	124-07-9804	Mary Ramos	6 Anderson Lane	2149890536
000626	311-30-5644	Kathy Ferguson	20 7th Place	2146077944
000627	156-04-8304	Clarence Morales	4645 Homewood Trail	2149000324
000628	590-28-7564	Teresa Campbell	0241 Bultman Point	2149300030
000629	157-33-0075	Roger Nguyen	249 Marquette Center	9729318604
000630	326-20-8507	Phyllis Long	9 Bluestem Circle	9726617458
000631	536-17-5051	Michael Taylor	18398 Florence Place	9728337591
000632	906-45-2011	John Watkins	1669 Ridgeview Hill	2149250299
000633	336-89-2349	Carolyn Garcia	9 Dapin Trail	2149202780
000634	255-25-6148	Donald Phillips	7 Alpine Alley	2148136913
000635	292-88-0298	Deborah Watson	75 Carey Parkway	4698091498
000636	640-78-6255	Annie Shaw	66820 Bunting Plaza	9729656678
000637	847-47-8564	Alan Price	84 Rutledge Junction	9727765854
000638	126-26-3636	Kathryn Morrison	59100 Onsgard Crossing	9728751440
000639	471-61-6333	Christopher Johnson	777 Ludington Terrace	9726799556
000640	439-03-8518	Joshua Bishop	0 Grim Place	2146005143
000641	391-22-2309	Ernest Jones	8085 Weeping Birch Alley	9729481978
000642	897-34-6632	Melissa Banks	578 Reindahl Trail	9729932150
000643	985-72-2421	Arthur Lane	26696 Steensland Court	2149598756
000644	325-85-6108	Joyce Perkins	8 Bluestem Park	9729425394
000645	506-85-1419	Judith Sullivan	95194 Badeau Trail	9728908729
000646	103-27-3706	Billy Johnson	95272 Kensington Plaza	9728235333
000647	378-57-9726	Marie Bell	74 Anderson Avenue	4699910533
000648	764-94-7005	Jimmy Ford	14311 Merchant Court	4699373556
000649	667-37-5162	Alice Mccoy	6 Nelson Avenue	4698487697
000650	946-02-5323	Richard Matthews	121 Warrior Alley	9729630887
000651	143-59-3681	Daniel Foster	84 Charing Cross Avenue	9728380899
000652	251-35-0397	Earl Banks	0 Lindbergh Place	9729219987
000653	709-47-1259	Scott Rogers	9 Gulseth Circle	4699367824
000654	211-17-9786	Richard Baker	68093 Ridge Oak Junction	9729578835
000655	375-17-9234	Robin Mcdonald	3407 Old Gate Circle	9728582976
000656	512-45-0642	Victor Riley	219 Fair Oaks Park	2149327141
000657	727-22-0778	Anne Lopez	62 Truax Terrace	9729878304
000658	315-71-5729	Margaret Fisher	53744 Prentice Alley	4697112192
000659	897-19-4834	Amanda Perkins	629 Troy Way	9729372368
000660	619-76-5825	Linda Perry	83189 Esch Circle	2148653742
000661	272-90-8955	Wanda Lawrence	6239 Mandrake Alley	2147724765
000662	100-07-8344	Tina Mitchell	42613 Pankratz Hill	9727918636
000663	392-34-3414	Jacqueline Gordon	3603 Vernon Junction	9729795379
000664	850-03-5811	Betty Hunt	79 Welch Court	2146154372
000665	190-47-5767	Kevin Webb	156 Lukken Lane	2149477416
000666	529-87-4076	Joshua Evans	225 Dixon Center	2148824750
000667	836-54-2070	Kathleen Peters	5024 Park Meadow Park	2148382643
000668	265-54-1326	Marie Mason	651 Cody Trail	9729188605
000669	941-12-6153	Jean Morrison	68 Stuart Parkway	9727678868
000670	190-47-8274	Daniel Hudson	16609 Oak Valley Plaza	2149217666
000671	318-20-1054	Judith Dixon	8 Almo Court	9729082892
000672	963-64-2281	Roy Morales	05025 Muir Point	9726351013
000673	531-84-3873	Justin Marshall	972 Crownhardt Circle	4697786036
000674	635-15-6122	Gregory Smith	59810 Erie Circle	9728680952
000675	552-29-0884	Deborah Reed	426 Swallow Hill	2149812497
000676	578-14-7271	Pamela King	1754 Pennsylvania Way	2149890559
000677	520-65-9256	Alan Welch	1102 Magdeline Court	4699844212
000678	393-11-9047	Samuel Moore	41307 Grasskamp Drive	9728508906
000679	343-72-6326	Katherine Holmes	0 Rowland Avenue	9729543190
000680	900-26-2190	Harold Williams	7576 Vermont Plaza	2148897673
000681	133-85-2262	Evelyn Nguyen	590 Independence Circle	4697467480
000682	824-55-4537	Joe Cooper	1421 Linden Avenue	4699771179
000683	784-92-2076	Helen Fernandez	70499 Michigan Circle	4698318504
000684	151-58-6475	Nicholas Gibson	2454 Clemons Crossing	9729063742
000685	122-74-8518	Angela Tucker	50 Brentwood Crossing	9726505349
000686	917-44-4969	Amy Washington	93083 Elka Lane	9728172285
000687	688-02-5499	Gregory Sanchez	230 Briar Crest Road	9728608215
000688	941-81-2456	Terry Kennedy	55 Summer Ridge Point	2149451527
000689	370-79-5137	Charles Bradley	10 Kenwood Avenue	2147634487
000690	972-75-6100	Judy Gilbert	0 Roth Alley	2149178414
000691	820-05-9916	Paul Chapman	57011 Reindahl Terrace	4699189529
000692	536-88-7676	Cheryl Taylor	4916 Stang Hill	4696029760
000693	753-82-4781	Linda Nelson	46 Lukken Hill	2147283594
000694	617-28-1448	Edward Harvey	2989 Leroy Point	4699998714
000695	735-50-3554	Carolyn Chapman	9524 Amoth Lane	2149472089
000696	525-50-2241	Jack Hudson	2 Claremont Drive	9725444023
000697	534-11-4411	Adam Gardner	907 Corben Alley	2145480751
000698	363-38-9674	Julia Pierce	8 Heath Avenue	4697015525
000699	407-53-1627	Janet Robertson	20 Mesta Plaza	2148362849
000700	240-04-1102	Maria Romero	188 Loeprich Drive	2148457095
000701	472-98-6371	Diana Rogers	58 Welch Place	4695026533
000702	663-09-0104	Evelyn Carter	8 Fair Oaks Alley	4698250017
000703	535-55-5684	Bruce Armstrong	9 Memorial Junction	2148755764
000704	325-18-4093	Janice Matthews	967 Mifflin Center	4699147781
000705	371-06-4026	Mildred Nelson	9598 Union Terrace	9724523908
000706	222-63-3734	Shawn Robertson	6590 Holy Cross Way	9726562026
000707	276-49-3884	Elizabeth Tucker	65 Fulton Court	2149876456
000708	122-23-9319	Dorothy Harper	83 Boyd Center	2148271293
000709	323-59-6505	Jack Woods	10 Crest Line Pass	2149429460
000710	436-60-5376	Eric Jordan	154 Redwing Way	4699243271
000711	283-97-2577	Marilyn Taylor	57 Farmco Park	2148067627
000712	248-17-2518	Timothy Edwards	109 Larry Road	2149749365
000713	637-48-2284	Carol Welch	121 Ohio Road	2148210016
000714	164-19-4566	Sandra Reed	1876 Westend Court	4698969764
000715	498-44-8648	Jason Dunn	90950 Sherman Way	9727126791
000716	741-86-2253	Paula Jordan	0 Schurz Lane	2149561394
000717	694-72-1725	Willie Hernandez	46 Bluejay Crossing	4698691585
000718	500-83-0564	Chris Phillips	2563 Macpherson Avenue	2147955477
000719	849-33-1958	Juan Hayes	5 Melvin Junction	4696660063
000720	398-41-8926	Helen Lopez	2 Maryland Park	2149048793
000721	642-59-9156	Justin Porter	66 Lerdahl Street	4698200587
000722	236-99-9327	Johnny Garcia	85 Sloan Street	4699621344
000723	590-51-2989	Katherine Taylor	00 Carey Alley	4697550265
000724	847-74-4073	Jacqueline Howell	30 Meadow Valley Trail	9728174256
000725	743-83-9247	Earl Richards	431 Birchwood Court	2149594661
000726	482-29-7565	Clarence Woods	7 Schiller Road	2149131723
000727	209-78-7735	Jessica Gonzales	645 Rutledge Road	9729383645
000728	831-59-6111	Matthew Warren	4561 Texas Lane	9729716529
000729	280-98-5533	Kathy Smith	8726 Packers Parkway	2149534343
000730	925-63-9699	Keith Collins	99196 Surrey Court	2147887439
000731	556-38-3135	Joan Garrett	43 Scoville Pass	9729547260
000732	434-71-8048	Diane Little	11 Donald Road	4696889174
000733	372-72-3479	Wanda Mendoza	34327 Sunbrook Hill	4695696125
000734	657-61-4433	Martin Nguyen	08974 Bowman Way	4699967003
000735	967-28-8561	Donald Andrews	8 Kennedy Terrace	9728283356
000736	895-97-4019	Ruth Weaver	46239 Kipling Terrace	2148024320
000737	469-60-9195	Patricia Gilbert	43 Mariners Cove Center	2148147712
000738	286-87-5683	Carlos Ford	0 Dovetail Avenue	2146588568
000739	988-74-6162	Louise Arnold	55 Mandrake Crossing	9729034805
000740	284-97-8780	Henry Nichols	08 Oak Valley Park	2149410961
000741	186-84-1844	Kathleen Hayes	72 Mcguire Road	4698954109
000742	458-94-0428	Bonnie Mccoy	83175 Cottonwood Way	2149132990
000743	419-29-8694	Jerry Montgomery	10 Northland Plaza	2148267806
000744	219-67-5666	Jessica Mccoy	09315 Trailsway Court	2149182939
000745	372-21-0737	Jean Ryan	801 Hooker Center	2149985831
000746	338-73-5511	Joyce Clark	360 Hovde Way	4698537767
000747	593-87-1261	Marilyn Cruz	4 Esker Plaza	4699477763
000748	132-70-2552	Christine Young	70 Meadow Valley Pass	9729897753
000749	795-84-3330	Marie Phillips	8 Pleasure Drive	4696030113
000750	645-65-7799	Ann Bryant	451 Sundown Drive	2149401980
000751	338-60-5273	Bruce Bailey	1228 Warner Hill	9727856558
000752	171-35-4592	Julie Fields	0 Hayes Alley	2142265537
000753	872-37-7791	Gregory Schmidt	998 Merchant Circle	9729908419
000754	264-34-8300	Marilyn Ryan	877 Forster Lane	4699002911
000755	361-84-6572	Julia Long	472 Forest Trail	9729348954
000756	538-33-3604	Victor Peterson	3653 Sage Parkway	2149654668
000757	294-41-0480	Sara Ruiz	75507 Center Way	2149888363
000758	286-27-4771	Roy Barnes	4505 Transport Drive	4695302193
000759	528-82-3250	Anthony Carpenter	61 Karstens Plaza	2149398741
000760	774-66-2989	Jessica Rodriguez	3969 Springview Court	4698468175
000761	147-96-7903	Craig Carter	3 Hayes Plaza	2149746461
000762	126-49-2208	Brandon Ellis	9617 Summit Terrace	4697678210
000763	509-31-0770	Richard Torres	19723 Cherokee Drive	9729153282
000764	335-36-3231	Janet Mcdonald	63455 Division Park	4695862793
000765	862-42-5821	Raymond Campbell	495 Mallard Street	2148819579
000766	430-93-4149	Mark Fields	03 Menomonie Junction	9729194515
000767	936-04-6604	William Cox	2 Veith Junction	9728979587
000768	795-03-9664	Ruby Hansen	759 Mandrake Avenue	2149121668
000769	737-18-1574	Phillip Richards	29931 Northridge Trail	9727833567
000770	286-37-8304	Richard Jordan	76466 Milwaukee Lane	4699987983
000771	314-52-2705	Marie Perez	38 Summer Ridge Court	4696824358
000772	574-79-3097	Cheryl Butler	68 Maple Court	4694482582
000773	835-29-8866	Michelle Carpenter	99896 New Castle Trail	4697800762
000774	496-59-9897	Adam Cooper	74125 Laurel Center	2148128288
000775	368-19-9311	Nancy Shaw	347 Oak Plaza	2148495837
000776	414-22-2220	Ernest Gomez	34530 Donald Pass	9729663976
000777	888-89-3056	Wanda Wilson	3 Rockefeller Point	2147836562
000778	572-70-8409	Melissa Bailey	94627 Hoard Parkway	9728708953
000779	114-71-5828	Clarence Gray	797 Merrick Way	9729515685
000780	104-43-3663	Janice Hunter	3 Sheridan Trail	9728880899
000781	329-05-3664	Raymond Murray	3083 Crescent Oaks Road	9729008986
000782	447-69-9321	Bruce Hansen	88200 Johnson Alley	2148929528
000783	937-66-7915	Ryan Mccoy	27278 American Ash Avenue	4697866255
000784	764-89-6736	Jerry Fowler	0 Lighthouse Bay Circle	2146533127
000785	134-92-4609	Frank Harper	8 Fairview Drive	9728108573
000786	571-08-1675	George Garza	0 Granby Lane	4697585662
000787	914-59-1431	Sharon Olson	7705 Ridge Oak Plaza	9729824528
000788	310-91-2067	Kathryn Reed	086 Bunker Hill Way	9729372108
000789	925-52-2771	Randy Weaver	5 Del Mar Junction	2148537737
000790	193-13-7825	Linda Washington	8122 Sachtjen Circle	9729145391
000791	799-37-4997	Elizabeth Anderson	80 Dunning Circle	4698814443
000792	981-69-8236	Henry Kim	9861 Elmside Crossing	2149129599
000793	124-22-8351	Earl Morales	16 Manley Pass	2146510786
000794	980-98-1968	Howard Ford	31553 5th Place	9729407458
000795	486-25-9016	Tammy Fox	29405 Hauk Road	2149973240
000796	765-53-6457	Sarah Hicks	38 Lighthouse Bay Pass	2149019314
000797	750-87-6481	Diana Montgomery	2 Welch Parkway	2146036856
000798	796-84-4632	Joan Boyd	393 School Plaza	4698829965
000799	944-12-9610	Barbara Simmons	678 Barnett Point	4694157518
000800	604-14-8118	Keith Carroll	46912 Veith Place	2148212150
000801	554-70-7857	Ruby Bryant	0502 Dorton Place	2145832918
000802	968-07-8691	Andrew Holmes	87963 Darwin Plaza	4699935278
000803	848-01-1355	Juan King	3344 Schlimgen Point	9728233180
000804	522-56-7195	Michael Warren	1 Northwestern Road	4699120181
000805	263-49-6672	Randy Wagner	28585 Iowa Pass	9729818393
000806	916-96-2811	Jose Kelly	088 Cambridge Trail	9728329963
000807	304-18-5907	Peter Ford	3 Boyd Point	2149782937
000808	381-33-3107	Peter Edwards	70349 Hallows Way	2149916626
000809	211-11-0916	Louise Peters	79475 Morrow Pass	9729024551
000810	343-23-0976	Stephanie Perry	08750 Forest Dale Road	2148999004
000811	792-44-4178	Lawrence Adams	38 Forster Terrace	2149258866
000812	443-86-2495	Gregory Hansen	419 Longview Trail	4698998651
000813	797-38-1593	Ralph Medina	74 High Crossing Lane	4699539007
000814	223-83-8666	Joan Cooper	52 Fremont Road	9728420287
000815	732-67-6734	Karen George	560 Menomonie Plaza	4695513026
000816	639-56-1250	Theresa Cunningham	8148 Florence Drive	4698616774
000817	506-61-7033	Dennis Young	378 Carberry Place	2146022841
000818	789-55-8630	Joseph Castillo	4 Surrey Park	4699160494
000819	100-43-9457	Eugene Fisher	977 Gina Junction	9729265775
000820	622-93-0486	Elizabeth Medina	044 Prentice Center	9729697931
000821	236-05-8310	Joyce Arnold	48306 Moulton Plaza	9729588893
000822	294-25-9318	William Ramos	20 Red Cloud Trail	9729502750
000823	317-84-2700	Billy Reed	2 Loftsgordon Alley	9728530282
000824	802-25-7025	Scott Carr	9 Memorial Place	4699795007
000825	713-06-2568	Doris Carpenter	55093 Bunting Pass	9724136984
000826	863-24-4380	Aaron Kennedy	51078 Fisk Parkway	2149005041
000827	957-88-2521	Eugene George	32186 Katie Park	4696427160
000828	971-59-7462	Marilyn Washington	7639 Northfield Park	2145310051
000829	778-11-2383	Sara Patterson	938 Vermont Crossing	9728715585
000830	432-34-5988	Samuel Henry	031 Hintze Terrace	9728253266
000831	110-87-5003	Phillip Kennedy	41 Leroy Center	4699950612
000832	862-95-3192	Robin Welch	4 Texas Trail	9727782143
000833	639-00-1709	Rose Garrett	2384 Carey Road	2148605621
000834	687-26-7934	Rebecca Meyer	38 Nelson Lane	9729362303
000835	648-00-1339	Michelle Reid	7 Sunbrook Circle	4699412469
000836	362-56-0347	Judy Rice	49031 Saint Paul Avenue	4699351827
000837	840-08-8767	Kevin Carroll	36 Jana Lane	4699640568
000838	268-14-2587	Kathryn Owens	664 Clemons Hill	2148122116
000839	211-96-5010	Brian Elliott	28 Graedel Hill	9728573817
000840	704-93-5430	Keith Alvarez	73423 Mallard Park	9729853882
000841	493-28-0872	Christopher Hamilton	42 Johnson Place	9727565173
000842	104-87-2254	Mildred Washington	093 Reindahl Alley	4698635699
000843	634-96-0779	Maria Patterson	435 Mockingbird Road	2146894556
000844	973-88-0017	Tammy Romero	77652 Quincy Junction	4696535925
000845	701-06-3601	Shirley Ellis	74 Boyd Circle	4699202738
000846	948-86-4146	Gerald Carter	6829 Aberg Park	2149941903
000847	405-84-3532	Sandra Diaz	73631 Arapahoe Plaza	2148323930
000848	648-26-1008	Joyce Miller	2 Annamark Center	9729616545
000849	401-78-7678	Edward Freeman	415 Di Loreto Plaza	9729894204
000850	138-67-0395	Willie Griffin	990 Moland Lane	2149288621
000851	576-90-5231	Eugene Gibson	11945 Delaware Trail	9729544027
000852	511-59-7913	Beverly Carroll	7263 Mariners Cove Park	2149177386
000853	427-26-2369	Kevin Weaver	9746 Springview Lane	4699422408
000854	981-70-0822	Diana Collins	00 Stoughton Pass	9728045134
000855	842-92-6012	Melissa Cole	405 Lukken Park	9727868554
000856	842-48-2817	Willie Young	4 Bowman Lane	2149284186
000857	420-41-5414	Juan Nichols	8095 Grover Point	4698043343
000858	571-34-6457	Kevin Mason	132 Huxley Street	4699738133
000859	977-49-7404	Ronald Owens	160 Forster Court	2149861282
000860	625-10-0221	Howard Mason	725 Shelley Street	9728849005
000861	344-02-3503	Scott Sullivan	3 Dottie Way	9728819868
000862	217-52-9370	Margaret Payne	706 Spenser Drive	9727600404
000863	676-28-3465	Ashley Dixon	07278 Arizona Road	9728189660
000864	927-53-6184	Marilyn Vasquez	85753 Sommers Parkway	2144358942
000865	369-13-2148	Amanda Olson	2 Thompson Hill	9729792331
000866	275-69-7155	Heather Fernandez	18106 Beilfuss Way	4698547653
000867	993-11-4983	Stephanie Diaz	52331 Monica Drive	2149128213
000868	867-83-7085	Roy Kelly	7053 Old Gate Alley	4699748373
000869	466-06-1410	Scott Chavez	3 Kingsford Avenue	4699633427
000870	632-92-1297	Donna Mitchell	4741 Kenwood Junction	2149513865
000871	585-80-2785	Louis Harris	2747 Rieder Plaza	2148863021
000872	512-23-3537	Henry Hansen	2900 Surrey Street	2149642420
000873	772-62-3065	Kathryn Porter	53 Dapin Parkway	9728448439
000874	190-88-7543	Anne Johnson	20069 Melvin Center	2149756054
000875	329-18-4164	Todd Taylor	97238 Onsgard Trail	2149373241
000876	654-19-5151	Julia Fernandez	34619 Marcy Crossing	9729669920
000877	591-02-8727	Craig Robinson	30 Sutteridge Point	4699190979
000878	299-37-0401	Nancy Shaw	5834 Village Crossing	2147882516
000879	939-58-3158	Lawrence Nichols	6423 Roth Park	2149252580
000880	170-66-3784	Jimmy Diaz	0301 Oriole Lane	4694730533
000881	740-80-4320	Bobby Mcdonald	3 Scoville Drive	9725277603
000882	953-63-4906	Jesse Cunningham	790 Marquette Hill	2149367626
000883	200-60-0963	Gregory Andrews	361 Sachs Crossing	2149730715
000884	499-38-8289	Tina Rogers	79 Forest Dale Road	4699849258
000885	312-18-8191	Henry Allen	9 Pennsylvania Street	9729392237
000886	215-99-1270	Carolyn Gordon	6 Fuller Avenue	4698295466
000887	154-27-1288	Louise Hudson	04798 Loeprich Alley	9729558037
000888	772-41-5591	John Vasquez	52 Darwin Park	4699781123
000889	888-06-1132	Kathryn Graham	45 Everett Pass	4699213046
000890	992-83-5801	Patricia Perkins	0 Heffernan Drive	9729718654
000891	252-88-4550	Henry Arnold	47 Becker Lane	9724702949
000892	534-51-9042	Ruby Bishop	5 International Point	9729444239
000893	292-84-4463	Phyllis Dunn	8316 Calypso Court	2148350529
000894	144-30-3599	Louise Wood	000 Mccormick Plaza	9729145297
000895	895-44-1229	Tammy Shaw	0 Carey Parkway	2149052378
000896	955-03-9519	Eric Rivera	466 Tony Circle	9729329658
000897	743-94-0520	Joe Williams	748 Schlimgen Avenue	9728528033
000898	140-10-0901	Aaron Snyder	1 American Ash Avenue	2149369743
000899	210-06-2715	Louis Clark	4284 Norway Maple Lane	9728727570
000900	357-34-7649	Sarah Chavez	3 Schmedeman Court	9725241820
000901	427-38-8763	Robin Ellis	67445 Dunning Lane	9728661973
000902	315-41-8687	Jessica Davis	12957 Independence Drive	9728425888
000903	829-97-1624	Lillian Stone	919 Judy Way	9728512126
000904	347-88-9624	Ruth Stanley	1 Warrior Pass	9729110228
000905	840-39-1806	Jesse Duncan	7787 Haas Hill	9726839815
000906	637-53-4929	Lori Hunter	39 Swallow Place	4696424787
000907	136-04-3559	Tammy Robinson	0378 Longview Plaza	4699332520
000908	713-24-6764	James Dunn	2 Luster Hill	2148499192
000909	414-66-2512	Earl White	3645 Ramsey Place	9729368134
000910	613-21-6220	Jeremy Rogers	91121 Moulton Plaza	4698428404
000911	733-94-6852	Earl Chapman	45 Moulton Junction	9729977819
000912	606-73-0914	Dorothy Miller	52 Hazelcrest Crossing	2148033680
000913	154-97-3290	Anna Lopez	49 3rd Terrace	2149594100
000914	369-65-4229	Gary Fuller	59 Macpherson Crossing	2149689302
000915	507-57-2316	Angela Nguyen	45542 Rutledge Avenue	2149780162
000916	325-17-0156	Paula Frazier	916 Maywood Court	2149341206
000917	866-10-0944	Daniel Johnson	76702 Caliangt Circle	4698288109
000918	650-99-3347	Raymond Burke	3001 Corscot Drive	4697490551
000919	417-25-3686	Anna Flores	730 Vera Avenue	2148209633
000920	128-67-5708	Kathleen Reed	89 Tomscot Street	2149410107
000921	412-58-0911	Linda Garcia	1 Luster Street	9729101369
000922	312-56-2889	Kevin Turner	3034 Kipling Drive	2148358339
000923	122-17-0911	Juan Dunn	18 Oak Drive	2148570040
000924	548-70-2653	Arthur Lane	79797 Fieldstone Circle	2148480150
000925	922-65-9466	Deborah Medina	4 Cambridge Park	9726795235
000926	380-74-6132	Lisa Castillo	856 Mitchell Junction	4699966025
000927	148-76-3309	Louis Rivera	210 Sunfield Trail	4699400843
000928	648-41-9002	Catherine Hunt	241 Gulseth Crossing	4699296433
000929	253-50-1861	Bobby Gomez	53 Kipling Place	4697478105
000930	237-32-1975	Johnny Jenkins	6757 Buena Vista Park	2147110231
000931	304-04-2180	Richard Sanchez	6 Bonner Road	2147898437
000932	416-32-8500	Fred Peterson	723 Emmet Avenue	2149290915
000933	731-41-2008	Gerald Jacobs	539 Pond Point	9729295037
000934	680-37-1075	Teresa Perry	67 Porter Center	4699377720
000935	358-57-1779	Joyce Watson	033 Fieldstone Pass	4699761235
000936	399-11-8418	Antonio Crawford	94232 Hudson Drive	4698180847
000937	263-34-5944	Shawn Hanson	88 Prairieview Terrace	4697123956
000938	871-14-1691	Sandra Hayes	8 Morning Parkway	9729011242
000939	651-25-8004	Jimmy Garrett	43 Clyde Gallagher Terrace	9729844957
000940	484-44-5282	Antonio Lawrence	08482 Merry Alley	9728433635
000941	983-14-0730	Marie Medina	7338 Pierstorff Circle	4698107312
000942	716-92-1888	Juan Allen	5 Victoria Alley	4699792886
000943	309-24-3620	Gerald Porter	11934 Upham Point	2147068751
000944	776-60-4123	Todd Brooks	7838 Moland Plaza	4697810440
000945	679-76-7522	Jean Rice	48712 Mockingbird Road	4699355450
000946	729-59-6353	Jack Day	2107 Kipling Plaza	2149136444
000947	628-48-3788	Amy Woods	5 Shoshone Crossing	4697734866
000948	785-13-2932	Raymond Greene	55619 Surrey Plaza	4699837473
000949	101-97-8660	Arthur Wright	158 John Wall Street	2149415089
000950	946-46-6223	Daniel Hunt	13709 Mariners Cove Center	9729152723
000951	481-28-6748	Julie Hamilton	6209 Ludington Pass	9728127230
000952	864-59-5290	Diana Garza	83139 Warrior Parkway	9728724808
000953	370-11-1197	Walter Cruz	463 Hanover Junction	9728369111
000954	850-05-9666	Mildred Ramirez	7 Anderson Lane	9728269318
000955	475-45-2130	Jean Gilbert	769 Colorado Center	4698506077
000956	704-23-0250	Frances Porter	16 Farwell Park	2149586327
000957	847-54-7019	Jane Carter	746 East Court	4698592686
000958	316-40-2743	Johnny Perry	5091 Melrose Court	4697832541
000959	973-44-7229	Donald Powell	1901 Laurel Pass	9729175123
000960	597-54-1860	Russell Morales	6 Continental Hill	4698331681
000961	853-02-8515	Earl Smith	73 Towne Hill	4699195433
000962	961-10-2631	Jane Phillips	9 Northland Place	4699815694
000963	340-38-2920	Ruby Black	01580 Main Alley	2148396582
000964	650-36-9913	Teresa Fernandez	50 Arrowood Circle	9729187531
000965	940-61-5781	Jacqueline Hamilton	792 Burrows Lane	9727855033
000966	136-33-6897	Anthony Elliott	82 Harper Lane	9729426006
000967	780-32-3564	Louise Henderson	58 Southridge Way	4698976813
000968	174-47-0894	Lillian Cruz	1202 Nevada Crossing	4695770003
000969	235-78-1401	David Davis	6266 Debs Place	2148647187
000970	919-55-8047	Janice Price	269 Farragut Trail	2149419869
000971	687-90-1452	Donald Palmer	12 5th Junction	4696774531
000972	535-61-9932	Donald Washington	978 Moose Plaza	9728447608
000973	328-03-3548	Jessica Jones	37 Melrose Court	9729060660
000974	608-66-0102	Amy Coleman	2562 Pond Junction	2149547729
000975	894-17-1936	Marie Ryan	4287 Canary Center	4699244203
000976	882-93-4808	Gloria Barnes	149 Columbus Avenue	2147970275
000977	328-50-2075	Charles Lawrence	7 Randy Terrace	9728138851
000978	179-35-6366	Patricia Hill	2506 Ridgeway Drive	4699329594
000979	223-32-8250	Ryan Young	40252 Lyons Terrace	2147424030
000980	504-76-4400	Willie Woods	99 Sunbrook Circle	2148102688
000981	131-82-6807	Cynthia Webb	6016 Leroy Way	2149752196
000982	470-80-0995	Joyce Cox	5027 Meadow Vale Way	9728324867
000983	210-87-6619	Debra Kim	303 Bashford Road	4697474090
000984	757-76-0049	Louise Harrison	13 American Ash Place	2148978864
000985	641-17-6232	Douglas Day	264 Packers Place	4698682443
000986	690-30-6386	Jane Hughes	05 Tony Junction	9729639605
000987	405-00-7979	Joan Wagner	76837 Heath Trail	9728413593
000988	697-50-5730	Joyce Gibson	0605 Old Shore Avenue	4698404916
000989	659-02-3329	Paula Harrison	7 Swallow Pass	4696225174
000990	647-36-9732	Bobby Dunn	785 Graedel Place	9729233432
000991	659-27-5045	Bonnie Ross	81741 Hallows Plaza	2149304665
000992	923-61-2260	Dennis Wheeler	8321 Mendota Crossing	2149327040
000993	646-30-1413	Jason Gutierrez	7 Pearson Way	9729908290
000994	968-11-7539	Diana Spencer	467 Menomonie Alley	9728509653
000995	784-77-6035	Jessica Thompson	73 Mandrake Center	9727283395
000996	468-32-4617	Sean Pierce	07 Laurel Park	4699873050
000997	647-49-5762	Alan Stewart	74154 Drewry Street	4699445061
000998	345-58-9435	Janice Robinson	7791 Maple Hill	9728556553
000999	504-57-5850	Barbara Carroll	5989 4th Avenue	2149992405
001000	362-54-6087	Lori Mccoy	71 Evergreen Crossing	9729757324
